Company,Price,MCap,PE,Metric,YOY,QoQ,Sep 2025,Jun 2025,Sep 2024
Amara Raja Ener.,979,17918.0,22.2,Sales,8.0,1.13,3388.0,3350.0,3136.0
Amara Raja Ener.,979,17918.0,22.2,EBIDT,-8.0,4.91,406.0,387.0,441.0
Amara Raja Ener.,979,17918.0,22.2,Net profit,-12.0,55.67,302.0,194.0,241.0
Amara Raja Ener.,979,17918.0,22.2,EPS,26.0,55.85,16.52,10.6,13.15
Alivus Life,908,11145.0,21.1,Sales,16.0,-2.33,588.0,602.0,507.0
Alivus Life,908,11145.0,21.1,EBIDT,33.0,4.07,179.0,172.0,134.0
Alivus Life,908,11145.0,21.1,Net profit,36.0,6.56,130.0,122.0,95.3
Alivus Life,908,11145.0,21.1,EPS,36.0,6.96,10.6,9.91,7.78
Dam Capital Advi,264,1864.0,16.6,Sales,69.0,247.4,107.0,30.8,63.3
Dam Capital Advi,264,1864.0,16.6,EBIDT,124.0,1177.78,75.9,5.94,33.9
Dam Capital Advi,264,1864.0,16.6,Net profit,140.0,32462.5,52.1,0.16,21.7
Dam Capital Advi,264,1864.0,16.6,EPS,140.0,36750.0,7.37,0.02,3.07
Akzo Nobel,"3,246",14783.0,37.7,Sales,-15.0,-16.08,835.0,995.0,982.0
Akzo Nobel,"3,246",14783.0,37.7,EBIDT,-24.0,-17.16,111.0,134.0,146.0
Akzo Nobel,"3,246",14783.0,37.7,Net profit,-15.0,1749.45,1683.0,91.0,97.9
Akzo Nobel,"3,246",14783.0,37.7,EPS,1619.0,1749.45,369.52,19.98,21.5
Cummins India,"4,294",119031.0,51.7,Sales,26.0,9.05,3170.0,2907.0,2509.0
Cummins India,"4,294",119031.0,51.7,EBIDT,44.0,11.38,695.0,624.0,484.0
Cummins India,"4,294",119031.0,51.7,Net profit,38.0,2.98,622.0,604.0,449.0
Cummins India,"4,294",119031.0,51.7,EPS,38.0,3.03,22.45,21.79,16.21
Lupin,"1,971",90021.0,20.8,Sales,24.0,12.44,7048.0,6268.0,5673.0
Lupin,"1,971",90021.0,20.8,EBIDT,75.0,35.55,2341.0,1727.0,1340.0
Lupin,"1,971",90021.0,20.8,Net profit,73.0,21.62,1485.0,1221.0,859.0
Lupin,"1,971",90021.0,20.8,EPS,73.0,21.24,32.36,26.69,18.69
Ceinsys Tech,"1,319",2353.0,24.2,Sales,82.0,3.82,163.0,157.0,90.0
Ceinsys Tech,"1,319",2353.0,24.2,EBIDT,113.0,17.49,35.6,30.3,16.8
Ceinsys Tech,"1,319",2353.0,24.2,Net profit,121.0,-18.67,25.7,31.6,11.6
Ceinsys Tech,"1,319",2353.0,24.2,EPS,116.0,-20.45,14.43,18.14,6.68
GP Eco Solutions,517,611.0,54.0,Sales,29.0,,102.0,,79.2
GP Eco Solutions,517,611.0,54.0,EBIDT,41.0,,9.97,,7.06
GP Eco Solutions,517,611.0,54.0,Net profit,26.0,,6.01,,4.78
GP Eco Solutions,517,611.0,54.0,EPS,25.0,,5.08,,4.08
Linde India,"5,845",49846.0,98.5,Sales,2.0,12.78,644.0,571.0,634.0
Linde India,"5,845",49846.0,98.5,EBIDT,58.0,43.15,282.0,197.0,179.0
Linde India,"5,845",49846.0,98.5,Net profit,62.0,60.95,169.0,105.0,104.0
Linde India,"5,845",49846.0,98.5,EPS,62.0,60.88,19.82,12.32,12.24
Gulshan Polyols,154,961.0,22.5,Sales,23.0,-8.6,542.0,593.0,440.0
Gulshan Polyols,154,961.0,22.5,EBIDT,157.0,14.48,41.9,36.6,16.3
Gulshan Polyols,154,961.0,22.5,Net profit,1116.0,17.42,15.5,13.2,1.29
Gulshan Polyols,154,961.0,22.5,EPS,1086.0,18.01,2.49,2.11,0.21
Aarti Industries,393,14261.0,53,Sales,29.0,25.37,2100.0,1675.0,1628.0
Aarti Industries,393,14261.0,53,EBIDT,48.0,37.26,291.0,212.0,197.0
Aarti Industries,393,14261.0,53,Net profit,68.0,146.51,106.0,43.0,52.0
Aarti Industries,393,14261.0,53,EPS,104.0,145.38,2.92,1.19,1.43
Apollo Hospitals,"7,634",109760.0,65.6,Sales,13.0,7.91,6304.0,5842.0,5589.0
Apollo Hospitals,"7,634",109760.0,65.6,EBIDT,15.0,10.45,941.0,852.0,816.0
Apollo Hospitals,"7,634",109760.0,65.6,Net profit,26.0,12.02,494.0,441.0,396.0
Apollo Hospitals,"7,634",109760.0,65.6,EPS,26.0,10.27,33.19,30.1,26.34
Genus Power,354,10759.0,23.5,Sales,136.0,21.97,1149.0,942.0,487.0
Genus Power,354,10759.0,23.5,EBIDT,188.0,17.59,234.0,199.0,81.3
Genus Power,354,10759.0,23.5,Net profit,75.0,4.38,143.0,137.0,83.1
Genus Power,354,10759.0,23.5,EPS,72.0,3.98,4.7,4.52,2.73
Pricol Ltd,566,6903.0,36.3,Sales,51.0,12.51,1007.0,895.0,669.0
Pricol Ltd,566,6903.0,36.3,EBIDT,53.0,19.19,118.0,99.0,77.2
Pricol Ltd,566,6903.0,36.3,Net profit,42.0,28.26,64.0,49.9,45.1
Pricol Ltd,566,6903.0,36.3,EPS,42.0,28.36,5.25,4.09,3.7
Life Insurance,924,584367.0,11.5,Sales,4.0,7.5,241524.0,224671.0,231132.0
Life Insurance,924,584367.0,11.5,EBIDT,44.0,-9.38,9492.0,10474.0,6588.0
Life Insurance,924,584367.0,11.5,Net profit,31.0,-7.84,10096.0,10955.0,7723.0
Life Insurance,924,584367.0,11.5,EPS,31.0,-7.79,15.97,17.32,12.22
Interarch Build.,"2,546",4270.0,33.5,Sales,52.0,28.87,491.0,381.0,323.0
Interarch Build.,"2,546",4270.0,33.5,EBIDT,65.0,31.65,41.6,31.6,25.2
Interarch Build.,"2,546",4270.0,33.5,Net profit,56.0,13.73,32.3,28.4,20.7
Interarch Build.,"2,546",4270.0,33.5,EPS,55.0,12.9,19.25,17.05,12.42
Zydus Lifesci.,944,94968.0,18.9,Sales,17.0,-6.86,6123.0,6574.0,5237.0
Zydus Lifesci.,944,94968.0,18.9,EBIDT,38.0,-3.45,2016.0,2088.0,1461.0
Zydus Lifesci.,944,94968.0,18.9,Net profit,41.0,-18.54,1239.0,1521.0,920.0
Zydus Lifesci.,944,94968.0,18.9,EPS,38.0,-14.2,12.51,14.58,9.06
GMM Pfaudler,"1,230",5532.0,50.0,Sales,12.0,13.46,902.0,795.0,805.0
GMM Pfaudler,"1,230",5532.0,50.0,EBIDT,30.0,20.79,122.0,101.0,93.5
GMM Pfaudler,"1,230",5532.0,50.0,Net profit,172.0,286.27,39.4,10.2,15.2
GMM Pfaudler,"1,230",5532.0,50.0,EPS,172.0,271.77,9.22,2.48,3.39
JK Lakshmi Cem.,845,10489.0,22.5,Sales,24.0,-12.0,1532.0,1741.0,1234.0
JK Lakshmi Cem.,845,10489.0,22.5,EBIDT,157.0,-33.12,208.0,311.0,81.0
JK Lakshmi Cem.,845,10489.0,22.5,Net profit,364.0,-46.27,80.6,150.0,-30.8
JK Lakshmi Cem.,845,10489.0,22.5,EPS,350.0,-48.9,6.52,12.76,-2.61
RSWM Ltd,152,716.0,88.9,Sales,-1.0,-1.62,1151.0,1170.0,1166.0
RSWM Ltd,152,716.0,88.9,EBIDT,90.0,-0.55,72.4,72.8,38.1
RSWM Ltd,152,716.0,88.9,Net profit,142.0,-11.23,7.43,8.37,-17.6
RSWM Ltd,152,716.0,88.9,EPS,142.0,-11.24,1.58,1.78,-3.73
Triven.Engg.Ind.,360,7889.0,30.2,Sales,14.0,6.76,1706.0,1598.0,1491.0
Triven.Engg.Ind.,360,7889.0,30.2,EBIDT,1343.0,23.78,66.1,53.4,4.58
Triven.Engg.Ind.,360,7889.0,30.2,Net profit,235.0,919.05,21.4,2.1,-22.4
Triven.Engg.Ind.,360,7889.0,30.2,EPS,234.0,490.0,1.18,0.2,-0.88
Jay Bharat Maru.,94.2,1020.0,15.8,Sales,5.0,4.67,583.0,557.0,555.0
Jay Bharat Maru.,94.2,1020.0,15.8,EBIDT,80.0,-6.69,61.4,65.8,34.1
Jay Bharat Maru.,94.2,1020.0,15.8,Net profit,503.0,-22.08,18.0,23.1,2.99
Jay Bharat Maru.,94.2,1020.0,15.8,EPS,496.0,-21.6,1.67,2.13,0.28
Hind Rectifiers,"1,739",2988.0,62.7,Sales,37.0,5.58,227.0,215.0,166.0
Hind Rectifiers,"1,739",2988.0,62.7,EBIDT,41.0,6.58,25.9,24.3,18.3
Hind Rectifiers,"1,739",2988.0,62.7,Net profit,45.0,15.62,14.8,12.8,10.2
Hind Rectifiers,"1,739",2988.0,62.7,EPS,44.0,15.01,8.58,7.46,5.95
GPT Infraproject,109,1374.0,15.1,Sales,-3.0,-10.86,279.0,313.0,288.0
GPT Infraproject,109,1374.0,15.1,EBIDT,28.0,7.03,39.6,37.0,31.0
GPT Infraproject,109,1374.0,15.1,Net profit,24.0,-14.0,21.5,25.0,14.8
GPT Infraproject,109,1374.0,15.1,EPS,24.0,-6.99,1.73,1.86,1.4
UPL,748,63071.0,12.0,Sales,8.0,30.41,12019.0,9216.0,11090.0
UPL,748,63071.0,12.0,EBIDT,29.0,22.12,4428.0,3626.0,3420.0
UPL,748,63071.0,12.0,Net profit,126.0,-447.73,612.0,-176.0,-585.0
UPL,748,63071.0,12.0,EPS,225.0,-730.77,6.56,-1.04,-5.25
Senores Pharma.,822,3787.0,43.5,Sales,61.0,17.39,162.0,138.0,101.0
Senores Pharma.,822,3787.0,43.5,EBIDT,113.0,44.74,49.5,34.2,23.3
Senores Pharma.,822,3787.0,43.5,Net profit,152.0,41.98,30.1,21.2,13.1
Senores Pharma.,822,3787.0,43.5,EPS,82.0,64.25,7.03,4.28,3.86
Modern Insulator,165,776.0,15.7,Sales,54.0,24.82,176.0,141.0,115.0
Modern Insulator,165,776.0,15.7,EBIDT,276.0,45.74,18.8,12.9,4.99
Modern Insulator,165,776.0,15.7,Net profit,117.0,9.21,16.6,15.2,13.0
Modern Insulator,165,776.0,15.7,EPS,27.0,8.98,3.52,3.23,2.77
Harsha Engg Intl,393,3580.0,30.6,Sales,7.0,3.56,378.0,365.0,353.0
Harsha Engg Intl,393,3580.0,30.6,EBIDT,28.0,-3.43,53.5,55.4,41.8
Harsha Engg Intl,393,3580.0,30.6,Net profit,26.0,-3.96,36.4,37.9,29.0
Harsha Engg Intl,393,3580.0,30.6,EPS,26.0,-4.08,4.0,4.17,3.18
NDR Auto Compon.,956,2274.0,39.0,Sales,15.0,8.11,200.0,185.0,174.0
NDR Auto Compon.,956,2274.0,39.0,EBIDT,25.0,9.55,21.8,19.9,17.4
NDR Auto Compon.,956,2274.0,39.0,Net profit,24.0,8.82,14.8,13.6,11.9
NDR Auto Compon.,956,2274.0,39.0,EPS,24.0,9.28,6.24,5.71,5.02
Andhra Sugars,82.1,1113.0,13.9,Sales,13.0,-0.5,597.0,600.0,528.0
Andhra Sugars,82.1,1113.0,13.9,EBIDT,169.0,7.2,55.1,51.4,20.5
Andhra Sugars,82.1,1113.0,13.9,Net profit,588.0,37.14,33.6,24.5,5.03
Andhra Sugars,82.1,1113.0,13.9,EPS,630.0,39.31,2.41,1.73,0.33
